cut;comuna;provincia;region;superficie;latitud;longitud
1101;IQUIQUE;IQUIQUE; TARAPACA;2242.1;-20.2439;-70.1389
1107;ALTO HOSPICIO;IQUIQUE; TARAPACA;572.9;-20.2569;-70.0219
1401;POZO ALMONTE;TAMARUGAL; TARAPACA;13765.8;-20.2908;-69.6958
1402;CAMIÑA;TAMARUGAL; TARAPACA;2200.2;-20.4828;-69.3669
1403;COLCHANE;TAMARUGAL; TARAPACA;4015.6;-19.2839;-68.6750
1404;HUARA;TAMARUGAL; TARAPACA;10474.6;-19.8089;-69.9719
1405;PICA;TAMARUGAL; TARAPACA;8934.3;-20.4828;-69.3778
2101;ANTOFAGASTA;ANTOFAGASTA; ANTOFAGASTA;30718.1;-23.6508;-70.3950
2102;MEJILLONES;ANTOFAGASTA; ANTOFAGASTA;3803.9;-23.1100;-70.4558
2103;SIERRA GORDA;ANTOFAGASTA; ANTOFAGASTA;12886;-22.8978;-69.3228
2104;TALTAL;ANTOFAGASTA; ANTOFAGASTA;20405.1;-25.4100;-70.4889
2201;CALAMA;EL LOA; ANTOFAGASTA;15596.9;-22.4739;-68.9239
2202;OLLAGUE;EL LOA; ANTOFAGASTA;2964;-21.2328;-68.2669
2203;SAN PEDRO DE ATACAMA;EL LOA; ANTOFAGASTA;23439;-22.9200;-68.2100
2301;TOCOPILLA;TOCOPILLA; ANTOFAGASTA;4038.8;-22.0819;-70.1889
2302;MARIA ELENA;TOCOPILLA; ANTOFAGASTA;12197;-22.3169;-69.6769
3101;COPIAPO;COPIAPO; ATACAMA;16681.3;-27.3750;-70.3289
3102;CALDERA;COPIAPO; ATACAMA;4666.6;-27.0658;-70.8258
3103;TIERRA AMARILLA;COPIAPO; ATACAMA;11191;-27.4728;-70.2828
3201;CHAÑARAL;CHAÑARAL; ATACAMA;5772;-26.3458;-70.6239
3202;DIEGO DE ALMAGRO;CHAÑARAL; ATACAMA;18664;-26.3900;-70.0519
3301;VALLENAR;HUASCO; ATACAMA;7084;-28.5769;-70.7700
3302;ALTO DEL CARMEN;HUASCO; ATACAMA;5939;-28.7489;-70.4908
3303;FREIRINA;HUASCO; ATACAMA;3207.9;-28.5058;-71.0758
3304;HUASCO;HUASCO; ATACAMA;1601.4;-28.4558;-71.1858
4101;LA SERENA;ELQUI; COQUIMBO;1892.8;-29.9069;-71.2469
4102;COQUIMBO;ELQUI; COQUIMBO;1429;-29.9708;-71.3069
4103;ANDACOLLO;ELQUI; COQUIMBO;310;-30.2300;-71.0858
4104;LA HIGUERA;ELQUI; COQUIMBO;4158.2;-29.5000;-71.2828
4105;PAIHUANO;ELQUI; COQUIMBO;1495;-30.0378;-70.5069
4106;VICUÑA;ELQUI; COQUIMBO;7610;-30.0189;-70.7150
4201;ILLAPEL;CHOAPA; COQUIMBO;2629;-31.6389;-71.1789
4202;CANELA;CHOAPA; COQUIMBO;2196.6;-31.3958;-71.4189
4203;LOS VILOS;CHOAPA; COQUIMBO;1823.8;-31.9150;-71.5058
4204;SALAMANCA;CHOAPA; COQUIMBO;3445;-31.7800;-70.9669
4301;OVALLE;LIMARI; COQUIMBO;3835;-30.5989;-71.1889
4302;COMBARBALA;LIMARI; COQUIMBO;2257.5;-31.1800;-71.0039
4303;MONTE PATRIA;LIMARI; COQUIMBO;4366.9;-30.7750;-70.9428
4304;PUNITAQUI;LIMARI; COQUIMBO;1339;-30.8328;-71.2600
4305;RIO HURTADO;LIMARI; COQUIMBO;2180;-30.2728;-70.6669
5101;VALPARAISO;VALPARAISO; VALPARAISO;401.6;-33.0333;-71.6667
5102;CASABLANCA;VALPARAISO; VALPARAISO;953;-33.3250;-71.4100
5103;CONCON;VALPARAISO; VALPARAISO;76;-32.9600;-71.4689
5104;JUAN FERNANDEZ;VALPARAISO; VALPARAISO;149.4;-33.6328;-78.8669
5105;PUCHUNCAVI;VALPARAISO; VALPARAISO;300;-32.7478;-71.3978
5107;QUINTERO;VALPARAISO; VALPARAISO;148;-32.8450;-71.4669
5109;VIÑA DEL MAR;VALPARAISO; VALPARAISO;121.6;-33.0250;-71.5150
5201;ISLA DE PASCUA;ISLA DE PASCUA; VALPARAISO;163.6;-27.1286;-109.3597
5301;LOS ANDES;LOS ANDES; VALPARAISO;1248;-32.8369;-70.5969
5302;CALLE LARGA;LOS ANDES; VALPARAISO;321.7;-32.8831;-70.4819
5303;RINCONADA;LOS ANDES; VALPARAISO;122.5;-32.8331;-70.6883
5304;SAN ESTEBAN;LOS ANDES; VALPARAISO;681;-32.8050;-70.5808
5401;LA LIGUA;PETORCA; VALPARAISO;1163;-32.3536;-71.2719
5402;CABILDO;PETORCA; VALPARAISO;1455;-32.4089;-71.0800
5403;PAPUDO;PETORCA; VALPARAISO;64.3;-32.4700;-71.3808
5404;PETORCA;PETORCA; VALPARAISO;1517;-32.2900;-70.9500
5405;ZAPALLAR;PETORCA; VALPARAISO;288;-32.5678;-71.4378
5501;QUILLOTA;QUILLOTA; VALPARAISO;302;-32.9150;-71.2639
5502;LA CALERA;QUILLOTA; VALPARAISO;60.5;-32.7839;-71.2039
5503;HIJUELAS;QUILLOTA; VALPARAISO;267;-32.8550;-71.0939
5504;LA CRUZ;QUILLOTA; VALPARAISO;78;-32.8239;-71.2439
5506;NOGALES;QUILLOTA; VALPARAISO;405;-32.7358;-71.2078
5601;SAN ANTONIO;SAN ANTONIO; VALPARAISO;405;-33.5947;-71.6072
5602;ALGARROBO;SAN ANTONIO; VALPARAISO;176;-33.3692;-71.6681
5603;CARTAGENA;SAN ANTONIO; VALPARAISO;246;-33.5536;-71.6075
5604;EL QUISCO;SAN ANTONIO; VALPARAISO;51;-33.3914;-71.6928
5605;EL TABO;SAN ANTONIO; VALPARAISO;99;-33.4800;-71.6208
5606;SANTO DOMINGO;SAN ANTONIO; VALPARAISO;536;-33.7078;-71.6300
5701;SAN FELIPE;SAN FELIPE DE ACONCAGUA; VALPARAISO;186;-32.7500;-70.7128
5702;CATEMU;SAN FELIPE DE ACONCAGUA; VALPARAISO;361.6;-32.7808;-70.9689
5703;LLAY-LLAY;SAN FELIPE DE ACONCAGUA; VALPARAISO;349.1;-32.8439;-70.9569
5704;PANQUEHUE;SAN FELIPE DE ACONCAGUA; VALPARAISO;121.9;-32.7839;-70.8369
5705;PUTAENDO;SAN FELIPE DE ACONCAGUA; VALPARAISO;1474;-32.6278;-70.7158
5706;SANTA MARIA;SAN FELIPE DE ACONCAGUA; VALPARAISO;166.3;-32.7503;-70.6669
5801;QUILPUE;MARGA MARGA; VALPARAISO;536.9;-33.0475;-71.4422
5802;LIMACHE;MARGA MARGA; VALPARAISO;294;-33.0028;-71.2608
5803;OLMUE;MARGA MARGA; VALPARAISO;232;-33.0089;-71.1700
5804;VILLA ALEMANA;MARGA MARGA; VALPARAISO;97;-33.0658;-71.3289
6101;RANCAGUA;CACHAPOAL; LIB. GRAL. BERNARDO O' HIGGINS;260.3;-34.1619;-70.7408
6102;CODEGUA;CACHAPOAL; LIB. GRAL. BERNARDO O' HIGGINS;287;-34.0328;-70.6669
6103;COINCO;CACHAPOAL; LIB. GRAL. BERNARDO O' HIGGINS;98;-34.2728;-70.9528
6104;COLTAUCO;CACHAPOAL; LIB. GRAL. BERNARDO O' HIGGINS;225;-34.2969;-71.0919
6105;DOÑIHUE;CACHAPOAL; LIB. GRAL. BERNARDO O' HIGGINS;78;-34.1850;-70.8839
6106;GRANEROS;CACHAPOAL; LIB. GRAL. BERNARDO O' HIGGINS;113;-34.0628;-70.7208
6107;LAS CABRAS;CACHAPOAL; LIB. GRAL. BERNARDO O' HIGGINS;749;-34.2850;-71.3100
6108;MACHALI;CACHAPOAL; LIB. GRAL. BERNARDO O' HIGGINS;2597;-34.1850;-70.6619
6109;MALLOA;CACHAPOAL; LIB. GRAL. BERNARDO O' HIGGINS;113;-34.4450;-70.9450
6110;MOSTAZAL;CACHAPOAL; LIB. GRAL. BERNARDO O' HIGGINS;524;-33.9769;-70.7089
6111;OLIVAR;CACHAPOAL; LIB. GRAL. BERNARDO O' HIGGINS;45;-34.2139;-70.8189
6112;PEUMO;CACHAPOAL; LIB. GRAL. BERNARDO O' HIGGINS;153.1;-34.3889;-71.1708
6113;PICHIDEGUA;CACHAPOAL; LIB. GRAL. BERNARDO O' HIGGINS;320;-34.3569;-71.2869
6114;QUINTA DE TILCOCO;CACHAPOAL; LIB. GRAL. BERNARDO O' HIGGINS;93;-34.3569;-70.9689
6115;RENGO;CACHAPOAL; LIB. GRAL. BERNARDO O' HIGGINS;755;-34.4019;-70.8558
6116;REQUINOA;CACHAPOAL; LIB. GRAL. BERNARDO O' HIGGINS;673;-34.2828;-70.8058
6117;SAN VICENTE;CACHAPOAL; LIB. GRAL. BERNARDO O' HIGGINS;497.8;-34.0828;-71.7500
6201;PICHILEMU;CARDENAL CARO; LIB. GRAL. BERNARDO O' HIGGINS;749.1;-34.4019;-72.0089
6202;LA ESTRELLA;CARDENAL CARO; LIB. GRAL. BERNARDO O' HIGGINS;435;-34.2000;-71.6669
6203;LITUECHE;CARDENAL CARO; LIB. GRAL. BERNARDO O' HIGGINS;619;-34.1189;-71.7278
6204;MARCHIHUE;CARDENAL CARO; LIB. GRAL. BERNARDO O' HIGGINS;660;-34.4000;-71.6333
6205;NAVIDAD;CARDENAL CARO; LIB. GRAL. BERNARDO O' HIGGINS;300;-33.9500;-71.8328
6206;PAREDONES;CARDENAL CARO; LIB. GRAL. BERNARDO O' HIGGINS;562;-34.6608;-71.8939
6301;SAN FERNANDO;COLCHAGUA; LIB. GRAL. BERNARDO O' HIGGINS;2441;-34.5839;-70.9869
6302;CHEPICA;COLCHAGUA; LIB. GRAL. BERNARDO O' HIGGINS;503;-34.7328;-71.2828
6303;CHIMBARONGO;COLCHAGUA; LIB. GRAL. BERNARDO O' HIGGINS;498;-34.7078;-71.0419
6304;LOLOL;COLCHAGUA; LIB. GRAL. BERNARDO O' HIGGINS;597;-34.7308;-71.6358
6305;NANCAGUA;COLCHAGUA; LIB. GRAL. BERNARDO O' HIGGINS;111;-34.6489;-71.2028
6306;PALMILLA;COLCHAGUA; LIB. GRAL. BERNARDO O' HIGGINS;237;-34.6039;-71.3578
6307;PERALILLO;COLCHAGUA; LIB. GRAL. BERNARDO O' HIGGINS;282.6;-34.4828;-71.4828
6308;PLACILLA;COLCHAGUA; LIB. GRAL. BERNARDO O' HIGGINS;146.9;-34.6328;-71.1169
6309;PUMANQUE;COLCHAGUA; LIB. GRAL. BERNARDO O' HIGGINS;441;-34.6050;-71.6439
6310;SANTA CRUZ;COLCHAGUA; LIB. GRAL. BERNARDO O' HIGGINS;419.5;-34.6308;-71.3589
7101;TALCA;TALCA; MAULE;232;-35.4228;-71.6569
7102;CONSTITUCION;TALCA; MAULE;1344;-35.3389;-72.4139
7103;CUREPTO;TALCA; MAULE;1073.8;-35.0828;-72.0169
7104;EMPEDRADO;TALCA; MAULE;565;-35.5908;-72.2728
7105;MAULE;TALCA; MAULE;190;-35.5158;-71.5719
7106;PELARCO;TALCA; MAULE;332;-35.3778;-71.4450
7107;PENCAHUE;TALCA; MAULE;956.8;-35.4000;-71.8167
7108;RIO CLARO;TALCA; MAULE;431;-35.2169;-71.2500
7109;SAN CLEMENTE;TALCA; MAULE;4504;-35.5339;-71.4858
7110;SAN RAFAEL;TALCA; MAULE;263.5;-35.3169;-71.5328
7201;CAUQUENES;CAUQUENES; MAULE;2216;-35.9639;-72.3169
7202;CHANCO;CAUQUENES; MAULE;530;-35.7289;-72.5300
7203;PELLUHUE;CAUQUENES; MAULE;371;-35.8139;-72.5739
7301;CURICO;CURICO; MAULE;1328;-34.9758;-71.2239
7302;HUALAÑE;CURICO; MAULE;629;-34.9828;-71.8169
7303;LICANTEN;CURICO; MAULE;273;-34.9828;-72.0000
7304;MOLINA;CURICO; MAULE;1552;-35.0900;-71.2789
7305;RAUCO;CURICO; MAULE;309;-34.9289;-71.3108
7306;ROMERAL;CURICO; MAULE;1597;-34.9669;-71.1328
7307;SAGRADA FAMILIA;CURICO; MAULE;548.8;-35.0000;-71.3828
7308;TENO;CURICO; MAULE;618.4;-34.8728;-71.1619
7309;VICHUQUEN;CURICO; MAULE;426;-34.8228;-72.0350
7401;LINARES;LINARES; MAULE;1466;-35.8500;-71.5850
7402;COLBUN;LINARES; MAULE;2899.9;-35.7000;-71.4169
7403;LONGAVI;LINARES; MAULE;1454;-35.9658;-71.6819
7404;PARRAL;LINARES; MAULE;1638;-36.1469;-71.8219
7405;RETIRO;LINARES; MAULE;827;-36.0458;-71.7589
7406;SAN JAVIER;LINARES; MAULE;1313;-35.6000;-71.7500
7407;VILLA ALEGRE;LINARES; MAULE;190;-35.6650;-71.7419
7408;YERBAS BUENAS;LINARES; MAULE;262;-35.7500;-71.5828
8101;CONCEPCION;CONCEPCION; BIOBIO;221.6;-36.8150;-73.0289
8102;CORONEL;CONCEPCION; BIOBIO;279.4;-36.9819;-73.1569
8103;CHIGUAYANTE;CONCEPCION; BIOBIO;71.5;-36.9089;-73.0278
8104;FLORIDA;CONCEPCION; BIOBIO;608.6;-36.8208;-72.6619
8105;HUALQUI;CONCEPCION; BIOBIO;530.5;-36.9669;-72.9328
8106;LOTA;CONCEPCION; BIOBIO;135.8;-37.0889;-73.1550
8107;PENCO;CONCEPCION; BIOBIO;107.6;-36.7419;-72.9978
8108;SAN PEDRO DE LA PAZ;CONCEPCION; BIOBIO;112.5;-36.8639;-73.1078
8109;SANTA JUANA;CONCEPCION; BIOBIO;731.2;-37.1792;-72.9353
8110;TALCAHUANO;CONCEPCION; BIOBIO;92.3;-36.7358;-73.1050
8111;TOME;CONCEPCION; BIOBIO;494.5;-36.6239;-72.9500
8112;HUALPEN;CONCEPCION; BIOBIO;53.5;-36.7889;-73.1100
8201;LEBU;ARAUCO; BIOBIO;561.4;-37.6058;-73.6428
8202;ARAUCO;ARAUCO; BIOBIO;956.1;-37.2569;-73.2839
8203;CAÑETE;ARAUCO; BIOBIO;1089.2;-35.2828;-72.2328
8204;CONTULMO;ARAUCO; BIOBIO;638.8;-38.0050;-73.2250
8205;CURANILAHUE;ARAUCO; BIOBIO;994.3;-37.4719;-73.3478
8206;LOS ALAMOS;ARAUCO; BIOBIO;599.1;-37.6208;-73.4558
8207;TIRUA;ARAUCO; BIOBIO;624.4;-38.3389;-73.4839
8301;LOS ANGELES;BIOBIO; BIOBIO;1748.2;-36.9439;-72.3508
8302;ANTUCO;BIOBIO; BIOBIO;1884.1;-37.3269;-71.6778
8303;CABRERO;BIOBIO; BIOBIO;639.8;-37.0389;-72.3989
8304;LAJA;BIOBIO; BIOBIO;339.8;-37.2669;-72.7000
8305;MULCHEN;BIOBIO; BIOBIO;1925.3;-37.7150;-72.2389
8306;NACIMIENTO;BIOBIO; BIOBIO;934.9;-37.5008;-72.6758
8307;NEGRETE;BIOBIO; BIOBIO;156.5;-37.5828;-72.5169
8308;QUILACO;BIOBIO; BIOBIO;1123.7;-37.6800;-72.0069
8309;QUILLECO;BIOBIO; BIOBIO;1121.8;-37.4669;-71.9669
8310;SAN ROSENDO;BIOBIO; BIOBIO;92.4;-37.2578;-72.7158
8311;SANTA BARBARA;BIOBIO; BIOBIO;1254.9;-37.6628;-72.0178
8312;TUCAPEL;BIOBIO; BIOBIO;914.9;-37.6328;-73.3328
8313;YUMBEL;BIOBIO; BIOBIO;727;-37.0958;-72.5558
8314;ALTO BIOBIO;BIOBIO; BIOBIO;2124.6;-38.6189;-71.3242
9101;TEMUCO;CAUTIN; LA ARAUCANIA;464;-38.7269;-72.5989
9102;CARAHUE;CAUTIN; LA ARAUCANIA;1340.6;-38.7069;-73.1600
9103;CUNCO;CAUTIN; LA ARAUCANIA;1906.5;-38.9300;-72.0269
9104;CURARREHUE;CAUTIN; LA ARAUCANIA;1170.7;-39.3589;-71.5878
9105;FREIRE;CAUTIN; LA ARAUCANIA;935.2;-38.9539;-72.6219
9106;GALVARINO;CAUTIN; LA ARAUCANIA;568.2;-38.4000;-72.7833
9107;GORBEA;CAUTIN; LA ARAUCANIA;694.5;-39.0950;-72.6719
9108;LAUTARO;CAUTIN; LA ARAUCANIA;901.1;-38.5289;-72.4269
9109;LONCOCHE;CAUTIN; LA ARAUCANIA;976.8;-39.3539;-72.6278
9110;MELIPEUCO;CAUTIN; LA ARAUCANIA;1107.3;-38.8428;-71.6869
9111;NUEVA IMPERIAL;CAUTIN; LA ARAUCANIA;732.5;-38.7450;-72.9500
9112;PADRE LAS CASAS;CAUTIN; LA ARAUCANIA;400.7;-38.7658;-72.5928
9113;PERQUENCO;CAUTIN; LA ARAUCANIA;330.7;-38.4169;-72.3828
9114;PITRUFQUEN;CAUTIN; LA ARAUCANIA;580.7;-38.9828;-72.6428
9115;PUCON;CAUTIN; LA ARAUCANIA;1248.5;-39.2819;-71.9539
9116;SAAVEDRA;CAUTIN; LA ARAUCANIA;400.8;-38.7828;-73.4000
9117;TEODORO SCHMIDT;CAUTIN; LA ARAUCANIA;649.9;-38.9667;-73.0500
9118;TOLTEN;CAUTIN; LA ARAUCANIA;860.4;-39.2169;-73.2169
9119;VILCUN;CAUTIN; LA ARAUCANIA;1420.9;-39.1167;-72.3794
9120;VILLARRICA;CAUTIN; LA ARAUCANIA;1291.1;-39.2800;-72.2178
9121;CHOLCHOL;CAUTIN; LA ARAUCANIA;427.9;-38.6000;-72.8500
9201;ANGOL;MALLECO; LA ARAUCANIA;1194.4;-37.8028;-72.7019
9202;COLLIPULLI;MALLECO; LA ARAUCANIA;1295.9;-37.9528;-72.4319
9203;CURACAUTIN;MALLECO; LA ARAUCANIA;1664;-38.4319;-71.8900
9204;ERCILLA;MALLECO; LA ARAUCANIA;499.7;-38.0500;-72.3833
9205;LONQUIMAY;MALLECO; LA ARAUCANIA;3914.2;-38.4328;-71.2328
9206;LOS SAUCES;MALLECO; LA ARAUCANIA;849.8;-37.9669;-72.8328
9207;LUMACO;MALLECO; LA ARAUCANIA;1119;-38.1628;-72.9039
9208;PUREN;MALLECO; LA ARAUCANIA;464.9;-38.0219;-73.0700
9209;RENAICO;MALLECO; LA ARAUCANIA;267.4;-37.6669;-72.5828
9210;TRAIGUEN;MALLECO; LA ARAUCANIA;908;-38.2478;-72.6750
9211;VICTORIA;MALLECO; LA ARAUCANIA;1256;-38.2300;-72.3428
10101;PUERTO MONTT;LLANQUIHUE; LOS LAGOS;1673;-41.4539;-72.9928
10102;CALBUCO;LLANQUIHUE; LOS LAGOS;590.8;-41.7578;-73.1508
10103;COCHAMO;LLANQUIHUE; LOS LAGOS;3910.8;-41.5000;-72.3169
10104;FRESIA;LLANQUIHUE; LOS LAGOS;1278.1;-41.1528;-73.4200
10105;FRUTILLAR;LLANQUIHUE; LOS LAGOS;831.4;-41.1167;-73.1000
10106;LOS MUERMOS;LLANQUIHUE; LOS LAGOS;1245.8;-41.3908;-73.4650
10107;LLANQUIHUE;LLANQUIHUE; LOS LAGOS;420.8;-41.2658;-73.0119
10108;MAULLIN;LLANQUIHUE; LOS LAGOS;860.8;-41.6178;-73.5978
10109;PUERTO VARAS;LLANQUIHUE; LOS LAGOS;4064.9;-41.3228;-72.9700
10201;CASTRO;CHILOE; LOS LAGOS;472.5;-42.4778;-73.7789
10202;ANCUD;CHILOE; LOS LAGOS;1752.4;-41.8769;-73.8139
10203;CHONCHI;CHILOE; LOS LAGOS;1362.1;-42.6258;-73.7808
10204;CURACO DE VELEZ;CHILOE; LOS LAGOS;80;-42.4339;-73.5819
10205;DALCAHUE;CHILOE; LOS LAGOS;1239.4;-42.3739;-73.6508
10206;PUQUELDON;CHILOE; LOS LAGOS;97.3;-42.6039;-73.6839
10207;QUEILEN;CHILOE; LOS LAGOS;332.9;-42.8739;-73.4700
10208;QUELLON;CHILOE; LOS LAGOS;3244;-43.1208;-73.6078
10209;QUEMCHI;CHILOE; LOS LAGOS;440.3;-42.1419;-73.4778
10210;QUINCHAO;CHILOE; LOS LAGOS;160.7;-42.4789;-73.4969
10301;OSORNO;OSORNO; LOS LAGOS;951;-40.5739;-73.1258
10302;PUERTO OCTAY;OSORNO; LOS LAGOS;1795.7;-40.9669;-72.9000
10303;PURRANQUE;OSORNO; LOS LAGOS;1458.8;-40.9089;-73.1750
10304;PUYEHUE;OSORNO; LOS LAGOS;1597.9;-40.7169;-72.3208
10305;RIO NEGRO;OSORNO; LOS LAGOS;1265.7;-41.9669;-72.4500
10306;SAN JUAN DE LA COSTA;OSORNO; LOS LAGOS;1517;-40.5008;-73.3919
10307;SAN PABLO;OSORNO; LOS LAGOS;637.3;-40.4000;-73.0167
10401;CHAITEN;PALENA; LOS LAGOS;8470.5;-42.8989;-72.6669
10402;FUTALEUFU;PALENA; LOS LAGOS;1280;-43.1678;-71.8478
10403;HUALAIHUE;PALENA; LOS LAGOS;2787.7;-41.9919;-72.6669
10404;PALENA;PALENA; LOS LAGOS;2763.7;-43.6228;-71.8039
11101;COYHAIQUE;COYHAIQUE; AYSEN DEL GRAL. C. IBAÑEZ DEL CAMPO;7290.2;-45.5639;-72.0650
11102;LAGO VERDE;COYHAIQUE; AYSEN DEL GRAL. C. IBAÑEZ DEL CAMPO;5422.3;-44.2189;-71.8389
11201;AYSEN;AYSEN; AYSEN DEL GRAL. C. IBAÑEZ DEL CAMPO;29796.4;-45.4119;-72.6978
11202;CISNES;AYSEN; AYSEN DEL GRAL. C. IBAÑEZ DEL CAMPO;16093;-44.7508;-72.6969
11203;GUAITECAS;AYSEN; AYSEN DEL GRAL. C. IBAÑEZ DEL CAMPO;620.6;-43.8839;-73.9500
11301;COCHRANE;CAPITAN PRAT; AYSEN DEL GRAL. C. IBAÑEZ DEL CAMPO;8599.5;-47.2539;-72.5733
11302;O' HIGGINS;CAPITAN PRAT; AYSEN DEL GRAL. C. IBAÑEZ DEL CAMPO;8182.5;-48.4667;-72.5667
11303;TORTEL;CAPITAN PRAT; AYSEN DEL GRAL. C. IBAÑEZ DEL CAMPO;19710.6;-47.7808;-73.5119
11401;CHILE CHICO;GENERAL CARRERA; AYSEN DEL GRAL. C. IBAÑEZ DEL CAMPO;5737.1;-46.5375;-71.7292
11402;RIO IBAÑEZ;GENERAL CARRERA; AYSEN DEL GRAL. C. IBAÑEZ DEL CAMPO;5997.2;-46.2550;-71.9500
12101;PUNTA ARENAS;MAGALLANES; MAGALLANES Y ANTARTICA CHILENA;17846.3;-53.1478;-70.9069
12102;LAGUNA BLANCA;MAGALLANES; MAGALLANES Y ANTARTICA CHILENA;3695.6;-52.2669;-71.1828
12103;RIO VERDE;MAGALLANES; MAGALLANES Y ANTARTICA CHILENA;17248;-52.6278;-71.4769
12104;SAN GREGORIO;MAGALLANES; MAGALLANES Y ANTARTICA CHILENA;6883.7;-52.5669;-70.0669
12201;CABO DE HORNOS;ANTARTICA CHILENA; MAGALLANES Y ANTARTICA CHILENA;15578.7;-54.9469;-67.6069
12202;ANTARTICA;ANTARTICA CHILENA; MAGALLANES Y ANTARTICA CHILENA;1250257.6;-75.0000;-71.5000
12301;PORVENIR;TIERRA DEL FUEGO; MAGALLANES Y ANTARTICA CHILENA;9707.4;-53.2978;-70.3850
12302;PRIMAVERA;TIERRA DEL FUEGO; MAGALLANES Y ANTARTICA CHILENA;4253.4;-52.8858;-69.3528
12303;TIMAUKEL;TIERRA DEL FUEGO; MAGALLANES Y ANTARTICA CHILENA;10758.9;-53.6719;-69.7100
12401;NATALES;ULTIMA ESPERANZA; MAGALLANES Y ANTARTICA CHILENA;49924.1;-51.7328;-72.5169
12402;TORRES DEL PAINE;ULTIMA ESPERANZA; MAGALLANES Y ANTARTICA CHILENA;6630;-50.9819;-72.4989
13101;SANTIAGO;SANTIAGO; METROPOLITANA DE SANTIAGO;23.2;-33.4372;-70.6572
13102;CERRILLOS;SANTIAGO; METROPOLITANA DE SANTIAGO;21;-33.5000;-70.7167
13103;CERRO NAVIA;SANTIAGO; METROPOLITANA DE SANTIAGO;11;-33.4219;-70.7350
13104;CONCHALI;SANTIAGO; METROPOLITANA DE SANTIAGO;10.7;-33.3800;-70.6750
13105;EL BOSQUE;SANTIAGO; METROPOLITANA DE SANTIAGO;14.2;-33.5669;-70.6750
13106;ESTACION CENTRAL;SANTIAGO; METROPOLITANA DE SANTIAGO;15;-33.4589;-70.6989
13107;HUECHURABA;SANTIAGO; METROPOLITANA DE SANTIAGO;44.8;-33.3678;-70.6339
13108;INDEPENDENCIA;SANTIAGO; METROPOLITANA DE SANTIAGO;7;-33.4128;-70.6658
13109;LA CISTERNA;SANTIAGO; METROPOLITANA DE SANTIAGO;10;-33.5289;-70.6628
13110;LA FLORIDA;SANTIAGO; METROPOLITANA DE SANTIAGO;70.2;-33.5250;-70.5378
13111;LA GRANJA;SANTIAGO; METROPOLITANA DE SANTIAGO;10;-33.5833;-70.5833
13112;LA PINTANA;SANTIAGO; METROPOLITANA DE SANTIAGO;30.6;-33.5828;-70.6339
13113;LA REINA;SANTIAGO; METROPOLITANA DE SANTIAGO;23;-33.4428;-70.5319
13114;LAS CONDES;SANTIAGO; METROPOLITANA DE SANTIAGO;99;-33.4167;-70.5833
13115;LO BARNECHEA;SANTIAGO; METROPOLITANA DE SANTIAGO;1024;-33.3500;-70.5167
13116;LO ESPEJO;SANTIAGO; METROPOLITANA DE SANTIAGO;7;-33.5219;-70.6869
13117;LO PRADO;SANTIAGO; METROPOLITANA DE SANTIAGO;7;-33.4450;-70.7258
13118;MACUL;SANTIAGO; METROPOLITANA DE SANTIAGO;12.9;-33.4869;-70.6039
13119;MAIPU;SANTIAGO; METROPOLITANA DE SANTIAGO;135.5;-33.5167;-70.7667
13120;ÑUÑOA;SANTIAGO; METROPOLITANA DE SANTIAGO;16.9;-33.4539;-70.6039
13121;PEDRO AGUIRRE CERDA;SANTIAGO; METROPOLITANA DE SANTIAGO;10;-33.4661;-70.6336
13122;PEÑALOLEN;SANTIAGO; METROPOLITANA DE SANTIAGO;54;-33.4861;-70.5333
13123;PROVIDENCIA;SANTIAGO; METROPOLITANA DE SANTIAGO;14.3;-33.4350;-70.6158
13124;PUDAHUEL;SANTIAGO; METROPOLITANA DE SANTIAGO;197;-33.4333;-70.7167
13125;QUILICURA;SANTIAGO; METROPOLITANA DE SANTIAGO;58;-33.3608;-70.7289
13126;QUINTA NORMAL;SANTIAGO; METROPOLITANA DE SANTIAGO;13;-33.4269;-70.6989
13127;RECOLETA;SANTIAGO; METROPOLITANA DE SANTIAGO;16;-33.4058;-70.6400
13128;RENCA;SANTIAGO; METROPOLITANA DE SANTIAGO;24;-33.3978;-70.7228
13129;SAN JOAQUIN;SANTIAGO; METROPOLITANA DE SANTIAGO;9.7;-33.4908;-70.6278
13130;SAN MIGUEL;SANTIAGO; METROPOLITANA DE SANTIAGO;10;-33.4858;-70.6494
13131;SAN RAMON;SANTIAGO; METROPOLITANA DE SANTIAGO;7;-33.5428;-70.6439
13132;VITACURA;SANTIAGO; METROPOLITANA DE SANTIAGO;28.3;-33.4000;-70.6000
13201;PUENTE ALTO;CORDILLERA; METROPOLITANA DE SANTIAGO;88;-33.6158;-70.5700
13202;PIRQUE;CORDILLERA; METROPOLITANA DE SANTIAGO;445.3;-33.6333;-70.5500
13203;SAN JOSE DE MAIPO;CORDILLERA; METROPOLITANA DE SANTIAGO;4994.8;-33.6439;-70.3528
13301;COLINA;CHACABUCO; METROPOLITANA DE SANTIAGO;971.2;-33.1939;-70.6678
13302;LAMPA;CHACABUCO; METROPOLITANA DE SANTIAGO;452;-33.2858;-70.8778
13303;TIL TIL;CHACABUCO; METROPOLITANA DE SANTIAGO;653;-33.0850;-70.9250
13401;SAN BERNARDO;MAIPO; METROPOLITANA DE SANTIAGO;155;-33.5819;-70.6869
13402;BUIN;MAIPO; METROPOLITANA DE SANTIAGO;214;-33.7278;-70.7389
13403;CALERA DE TANGO;MAIPO; METROPOLITANA DE SANTIAGO;73.3;-33.6278;-70.7850
13404;PAINE;MAIPO; METROPOLITANA DE SANTIAGO;820;-33.8119;-70.7228
13501;MELIPILLA;MELIPILLA; METROPOLITANA DE SANTIAGO;1345;-33.6889;-71.2078
13502;ALHUE;MELIPILLA; METROPOLITANA DE SANTIAGO;845;-34.0333;-71.1000
13503;CURACAVI;MELIPILLA; METROPOLITANA DE SANTIAGO;693;-33.3989;-71.1369
13504;MARIA PINTO;MELIPILLA; METROPOLITANA DE SANTIAGO;393.5;-33.5150;-71.1189
13505;SAN PEDRO;MELIPILLA; METROPOLITANA DE SANTIAGO;788;-33.9000;-71.4667
13601;TALAGANTE;TALAGANTE; METROPOLITANA DE SANTIAGO;126;-33.6669;-70.9308
13602;EL MONTE;TALAGANTE; METROPOLITANA DE SANTIAGO;118;-33.6839;-71.0169
13603;ISLA DE MAIPO;TALAGANTE; METROPOLITANA DE SANTIAGO;189;-33.7539;-70.8858
13604;PADRE HURTADO;TALAGANTE; METROPOLITANA DE SANTIAGO;80.8;-33.5667;-70.8333
13605;PEÑAFLOR;TALAGANTE; METROPOLITANA DE SANTIAGO;69;-33.6061;-70.8764
14101;VALDIVIA;VALDIVIA; LOS RIOS;1016;-39.8142;-73.2458
14102;CORRAL;VALDIVIA; LOS RIOS;767;-39.8669;-73.4328
14103;LANCO;VALDIVIA; LOS RIOS;532.4;-39.4469;-72.7719
14104;LOS LAGOS;VALDIVIA; LOS RIOS;1791.2;-41.9200;-72.1419
14105;MAFIL;VALDIVIA; LOS RIOS;583;-39.6500;-72.9500
14106;MARIQUINA;VALDIVIA; LOS RIOS;1320.5;-40.1328;-72.3328
14107;PAILLACO;VALDIVIA; LOS RIOS;896;-40.0678;-72.8828
14108;PANGUIPULLI;VALDIVIA; LOS RIOS;3292;-39.6419;-72.3400
14201;LA UNION;RANCO; LOS RIOS;2137;-40.2919;-73.0878
14202;FUTRONO;RANCO; LOS RIOS;2267.5;-40.1308;-72.3958
14203;LAGO RANCO;RANCO; LOS RIOS;1763.3;-40.3169;-72.5000
14204;RIO BUENO;RANCO; LOS RIOS;2211.7;-40.3378;-72.9569
15101;ARICA;ARICA; ARICA Y PARINACOTA;4799.4;-18.4550;-70.2900
15102;CAMARONES;ARICA; ARICA Y PARINACOTA;3927;-19.0169;-69.8669
15201;PUTRE;PARINACOTA; ARICA Y PARINACOTA;5902.5;-18.2000;-69.5828
15202;GENERAL LAGOS;PARINACOTA; ARICA Y PARINACOTA;2244.4;-17.6528;-69.6350
16101;CHILLAN;DIGUILLIN; ÑUBLE;511.2;-36.6008;-72.1089
16102;BULNES;DIGUILLIN; ÑUBLE;425.4;-36.7389;-72.2919
16103;CHILLAN VIEJO;DIGUILLIN; ÑUBLE;291.8;-36.6328;-72.1400
16104;EL CARMEN;DIGUILLIN; ÑUBLE;664.3;-36.9000;-72.0333
16105;PEMUCO;DIGUILLIN; ÑUBLE;562.7;-36.9778;-72.0908
16106;PINTO;DIGUILLIN; ÑUBLE;1164;-36.7000;-71.9000
16107;QUILLON;DIGUILLIN; ÑUBLE;423;-36.7378;-72.4689
16108;SAN IGNACIO;DIGUILLIN; ÑUBLE;363.6;-36.8000;-72.0333
16109;YUNGAY;DIGUILLIN; ÑUBLE;823.5;-37.1044;-71.9306
16201;QUIRIHUE;ITATA; ÑUBLE;589;-36.2808;-72.5450
16202;COBQUECURA;ITATA; ÑUBLE;570.3;-36.1328;-72.7828
16203;COELEMU;ITATA; ÑUBLE;342.3;-36.4850;-72.6939
16204;NINHUE;ITATA; ÑUBLE;401.2;-36.4008;-72.3969
16205;PORTEZUELO;ITATA; ÑUBLE;282.3;-36.5328;-72.4328
16206;RANQUIL;ITATA; ÑUBLE;248.3;-36.6500;-72.5500
16207;TREGUACO;ITATA; ÑUBLE;313.1;-36.4289;-72.6650
16301;SAN CARLOS;PUNILLA; ÑUBLE;874;-36.4219;-71.9589
16302;COIHUECO;PUNILLA; ÑUBLE;1776.6;-36.6282;-71.8318
16303;ÑIQUEN;PUNILLA; ÑUBLE;493.1;-36.2869;-71.8989
16304;SAN FABIAN;PUNILLA; ÑUBLE;1568.3;-36.5539;-71.5489
16305;SAN NICOLAS;PUNILLA; ÑUBLE;490.5;-36.8828;-72.4828
